Bank Soal;A;B;C;D;kunci;Difficulty;Tipe Soal;Kategori
Menurut sejarah, kentang ditanam petani Peru sejak 2.000 tahun lalu pada 1524, saat tentara Spanyol mendarat di sana, kentang, kacang tanah, dan merica mulai dikenal dunia. Seorang tentara Spanyol tertarik pada kentang yang tumbuh subur di Desa Sorocota, di Pegunungan Andes, Peru. Ia membawanya ke Spanyol. Setelah mendarat di Spanyol, ia menyebarkannya ke seluruh penjuru Eropa.  @Pernyataan yang sesuai dengan isi teks tersebut adalah...;Penyebar kentang di Eropa adalah tentara Spanyol.;Kentang merupakan makanan pokok tentara Spanyol.;Penemuan kacang tanah dan kentang dilakukan dengan sengaja.;Ketertarikan tentara Spanyol pada kentang karena ditanam di Peru.;A;3;PG4;Soal Bacaan
Seseorang akan diuji dengan yang dia miliki. Ketika memiliki ilmu, dia akan diuji dengan seberapa jauh kemampuannya memanfaatkan ilmu. Ketika mempunyai harta, dia akan diuji dengan keikhlasannya mendistribusikan hartanya untuk orang lain. Di saat menduduki suatu jabatan, ia akan diuji dengan seberapa jauh kemampuannya mempertanggungjawabkan wewenang yang diembannya.  @Ide pokok paragraf tersebut adalah...;Ujian hidup seseorang;Kebahagiaan keluarga;Seseorang yang memiliki harta;Tanggung jawab wewenang;A;3;PG4;Soal Bacaan
(1) Pembiasaan anak-anak akrab dengan buku seharusnya sudah ditanamkan semenjak mereka duduk di bangku taman kanak-kanak (TK). (2) Setiap TK sebaiknya memiliki perpustakaan (3) Mulai TK, siswa digiring akrab dan cinta pada buku. (4) Walaupun anak TK masih belum bisa membaca, tetapi mereka menyukai gambar berwarna-warni. @Kalimat utama paragraf berikut ditandai dengan nomor...;1;2;3;4;A;3;PG4;Soal Bacaan
Hubungan atau keterikatan emosional antara orang tua dan anak adalah anugerah alami yang dimiliki setiap orang tua dalam mengasuh dan membesarkan anak-anak mereka. Orang tua secara alamiah telah melakukan tugas dan fungsi pengasuhan anak sejak peran sebagai orang tua dimulai. Akan tetapi, dalam realitasnya tetap diperlukan pengetahuan dalam khazanah pengasuhan anak remaja agar mereka tidak terlibat dalam penyalahgunaan narkotika dan obat-obat terlarang. @Simpulan yang tepat untuk paragraf di atas adalah...;Orang tua berkewajiban membesarkan anak-anak mereka.;Orang tua memerlukan bekal pengetahuan dalam mengasuh anak.;Anak dan orang tua dalam pengasuhan memiliki hubungan emosional.;Keterikatan emosional antara anak dan orang tua penting.;D;3;PG4;Soal Bacaan
(1) Pada semester akhir, mahasiswa Perguruan Tinggi yang menempuh pendidikan sarjana ditugaskan untuk menyusun skripsi. (2) Mereka bebas memilih judul untuk skripsi, asalkan sesuai dengan mata kuliah yang dipelajarinya. (3) Namun umumnya, mahasiswa akan dibimbing oleh dua orang dosen. (4) Pembimbingan bertujuan agar mahasiswa tetap mengikuti pedoman, dan aturan. (5) Hal tersebut sangat membantu mahasiswa saat menemui kendala dalam penyusunan skripsinya. @Kalimat yang terbebas dari kesalahan ejaan adalah...;5;4;3;2;A;3;PG4;Soal Bacaan
(1) Badan Pengawas Pemilihan Umum (Bawaslu) merilis indeks kerawanan pemilu (IKP) pemilihan kepala daerah 2018. (2) Itu merupakan upaya Bawaslu melakukan pemetaan dan deteksi dini terhadap berbagai potensi pelanggaran dan kerawanan pilkada 2018. (3) Bawaslu menyusun IKP menggunakan tiga aspek utama, yakni penyelenggaraan, kontestasi, dan partisipasi. (4) Tiga aspek utama itu merupakan alat ukur penyelenggaraan pemilu yang demokratis, berkualitas, dan bermartabat. (5) Dimensi kontestasi mencakup subyek peserta pemilu, meliputi partai politik dan kandidat. (6) Dalam dimensi ini dilihat seberapa adil dan setara proses pertarungan berlangsung di antara para kontestan. (7) Dimensi kedua adalah partisipasi, yaitu menyangkut subyek masyarakat sebagai pemilih, bagaimana hak masyarakat dijamin serta mereka diberi ruang berpartisipasi untuk mengawasi proses pemilu. (8) Dimensi ketiga adalah penyelenggaraan terkait dengan integritas dan profesionalitas penyelenggara dalam menjamin pemilu berjalan jujur, adil, dan demokratis. (9) IKP telah disusun sejak pemilihan legislatif 2014. (10) Akan tetapi, IKP pilkada 2018 disempurnakan agar lebih sederhana. @Penulisan kata yang tidak mengikuti kaidah ejaan terdapat pada kalimat...;2;9;4;5;D;3;PG4;Soal Bacaan
Pada dasarnya tujuan pendidikan adalah membentuk kepribadian peserta didik. Pembentukan tersebut dapat dilakukan dengan model langsung dan inkulkasi. Model langsung adalah pembentukan moral melalui bidang ajar yang terkait langsung dengan pendidikan karakter seperti agama dan budi pekerti, sedangkan model inkulkasi adalah penanaman nilai-nilai pendidikan karakter melalui bidang-bidang yang tidak terkait langsung, seperti bidang sains, teknologi, sosial. seni, dan olahraga. Idealnya, setiap mata pelajaran mempengaruhi cara berpikir dan bertindak peserta didik sehingga ikut membentuk karakter. @Masalah utama paragraf di atas adalah...;Pengaruh karakter terhadap cara berpikir peserta didik.;Model-model pendidikan karakter di sekolah.;Pembentukan kepribadian peserta didik.;Perlunya pendidikan karakter di sekolah-sekolah.;C;3;PG4;Soal Bacaan
Proses membaca yang dimulai dari memahami bacaan secara literal kemudian menginterpretasikan dan memberikan reaksinya berupa penilaian terhadap apa yang dikatakan penulis, dilanjutkan dengan mengembangkan pemikiran-pemikiran sendiri untuk membentuk gagasan, wawasan, pendekatan, dan pola-pola pikiran baru. @Membaca dengan cara tersebut merupakan membaca dengan pemahaman...;literal;kritis;kreatif;interpretatif;C;3;PG4;Soal Bacaan
Kecelakaan yang melibatkan bus dan truk di Jalan Negara-Gilimanuk menimbulkan kemacetan panjang sejauh 1 kilometer. Kecelakaan ini terjadi karena sopir truk sedang mabuk akibat mengonsumsi minuman keras sebelum berkendara. Ketika berada di Jalan Negara-Gilimanuk kilometer 20, bus melaju dari arah yang berlawanan. Sementara truk justru berpindah haluan di jalur kanan dan seketika kecelakaan hebat terjadi. Posisi bus mengguling ke tengah jalan sehingga tidak bisa dilewati kendaraan yang melintas. @Pokok utama dari paragraf ini adalah ...;Kecelakaan bus dan truk terjadi akibat sopir truk sedang mabuk.;Kecelakaan di Jalan Negara-Gilimanuk menyebabkan kemacetan panjang.;Kecelakaan di Jalan Negara-Gilimanuk terjadi di kilometer 20.;Truk berpindah haluan ke kanan pada saat ada bus yang melaju dari arah yang berlawanan.;B;3;PG4;Soal Bacaan
Lidah buaya adalah salah satu tanaman hias yang bisa dipelihara pada ruangan tertutup. Ada juga tanaman Monstera dan Anthurium yang tetap indah meski dibudidayakan dalam ruangan. Meski mendapatkan sedikit cahaya matahari, tanaman-tanaman hias ini tetap bisa tumbuh subur tanpa mengurangi keindahan tampilannya. Ini menjadi bukti bahwa tidak semua tanaman hias yang indah dan kaya manfaat sulit dibudidayakan di dalam ruangan. @Gagasan utama yang ingin disampaikan penulis pada paragraf di atas yaitu ...;Lidah buaya adalah tanaman hias yang bisa dipelihara di ruangan tertutup.;Monstera dan Anthurium termasuk salah satu tanaman yang bisa dibudidayakan dalam ruangan.;Tanaman hias tetap bisa tumbuh subur walaupun tidak mendapatkan cahaya matahari.;Tidak semua tanaman hias sulit dibudidayakan di dalam ruangan.;D;3;PG4;Soal Bacaan
Salah satu adat Jawa Timur yang berkaitan dengan orang meninggal adalah membuat acara tahlilan pada hari pertama hingga hari ke tujuh. Meski kegiatannya islami, nyatanya adat ini masih mengadopsi kepercayaan animisme dinamisme yang mempercayai roh orang mati masih berkeliaran hingga hari ke 40. Inilah yang menyebabkan para keluarga membuat acara tahlilan sebagai bentuk doa kepada yang sudah meninggal agar tenang dan amalnya diterima. @Gagasan pokok yang benar dari contoh soal ide pokok paragraf di atas yaitu ...;Adat Jawa Timur yang berkaitan dengan orang meninggal adalah mendoakan orang yang sudah mati hingga hari ke tujuh.;Adat di Jawa Timur masih mengadopsi kepercayaan animisme dinamisme.;Tahlilan pada hari pertama sampai ke tujuh adalah salah satu adat di Jawa Timur yang berkaitan dengan orang meninggal.;Keluarga orang yang sudah meninggal membuat acara tahlilan untuk mendoakan kerabatnya yang telah meninggal.;C;3;PG4;Soal Bacaan
Indonesia merupakan salah satu negara kepulauan yang memiliki kekayaan alam berlimpah. Ini disebabkan karena tanahnya yang subur dan letaknya yang cukup strategis. Sayangnya masyarakat Indonesia belum bisa mengelola sumber daya tersebut sehingga dimanfaatkan oleh negara lain. @Dari paragraf di atas, gagasan pokok yang bisa ditemukan adalah ...;Indonesia memiliki tanah yang subur dan letak yang strategis.;Masyarakat Indonesia belum bisa mengelola sumber daya alam.;Kekayaan alam di Indonesia dimanfaatkan oleh negara lain.;Indonesia adalah negara kepulauan yang memiliki kekayaan alam berlimpah.;A;3;PG4;Soal Bacaan
Sampah plastik sulit terurai di tanah. Apabila dibakar dapat menimbulkan pencemaran dan gangguan pernapasan. Selain itu sampah plastik dapat mencemari lingkungan. Itulah beberapa bahaya yang disebabkan dari sampah plastik. @Ide pokok paragraf tersebut adalah ...;Kantong plastik sulit terurai; Penyebab pencemaran udara;Plastik mencemari lingkungan;Beberapa bahaya sampah plastik;D;3;PG4;Paturng
Industri minyak bumi membuka berbagai macam lapangan pekerjaan. Penjualan minyak bumi yang tinggi menyebabkan pendapatan pekerja industri minyak meningkat. Ekspor dan impor minyak bumi mampu menggerakkan perekonomian dunia. Itulah manfaat minyak bumi dalam bidang ekonomi. @Ide pokok paragraf tersebut adalah ...;Menggerakkan ekonomi dunia;Manfaat ekonomi minyak bumi;Pendapatan pekerja minyak bumi;Peningkatkan pendapatan pekerja;B;3;PG4;Paturng
Memainkan alat musik sasando tidak mudah. Diperlukan harmonisasi perasaan dan teknik untuk menciptakan melodi melodi. Ini juga membutuhkan keterampilan jari untuk memetik senar seperti kecapi. @Gagasan utama dari bacaan di atas adalah ... ;Teknik bermain sasando;Bermain Sasando itu sulit;Bermain sasando tidak sulit;Karakteristik alat musik sasando;B;3;PG4;Paturng
Cecak memutuskan ekornya bila diserang musuh. Bunglon mengubah warna tubuhnya sesuai warna tempat merayapnya agar musuh terkelabuhi. Sedangkan landak menegakkan duri-duri tubuhnya saat musuhnya datang. Itulah beberapa cara hewan untuk mempertahankan diri dari predator. @Ide pokok paragraf tersebut adalah ...;Cara beberapa hewan menghadapi musuh;Kehidupan hewan di lingkungannya;Musuh-musuh beberapa hewan;Usaha hewan agar tetap hidup;A;3;PG4;Soal Bacaan
Berbagai penelitian telah membuktikan manfaat kopi bagi tubuh, mulai dari meningkatkan suasana hati dan metabolisme tubuh hingga menurunkan risiko terjadinya penyakit kardiovaskular, diabetes tipe 2, penyakit Parkinson, asam urat, dan kanker. Jika dikonsumsi dalam jumlah yang sesuai, yaitu tidak lebih dari 2-3 cangkir per hari, kopi umumnya aman bagi orang dewasa dan tidak merugikan kesehatan. Namun, efek samping kopi dapat muncul saat kopi dikonsumsi dalam jumlah yang berlebih, yaitu lebih dari 4 cangkir kopi per hari @Mana simpulan paragraf yang benar?;Banyak remaja yang sudah mulai mengkonsumsi kopi secara rutin;Kopi menjadi minuman favorit banyak orang karena khasiatnya;Efek samping kopi yang negatif dapat muncul walaupun dikonsumsi tidak lebih dari 4 cangkir kopi per hari;Minum kopi itu aman dan tidak merugikan kesehatan apabila diminum 1 cangkir saja per harinya. ;D;3;PG4;Paturng
Menurut National Institute of Mental Health, bipolar adalah gangguan mental yang menyebabkan perubahan yang ekstrem pada mood, energi, dan aktivitas. Perubahan yang ekstrim itu bikin konsentrasi dan kemampuan orang yang mengalami gangguan bipolar jadi sulit berkonsentrasi, ngelakuin rutinitas sehari-hari, bahkan hubungan dengan orang lain juga bisa terganggu. @Jika dilihat dari pola pengembangan paragraf, paragraf di atas menggunakan pola pengembangan paragraf .... ;Definisi ;Sebab akibat;Perbandingan ;Analogi ;A;3;PG4;Soal Bacaan
Penyebab polusi suara seperti kereta api, mobil, pesawat, motor, dan helikopter yang memiliki suara yang keras dan berbahaya bagi kehidupan manusia. Polusi suara berbahaya bagi kehidupan manusia karena bisa menyebabkan gangguan pendengaran, kognitif, mental, dan kesehatan lainnya. @Paragraf di atas menggunakan pola pengembangan paragraf ....;Definisi;Deduktif;Sebab akibat;Induktif;C;3;PG4;Soal Bacaan
Salah satu langkah yang bisa ditempuh supaya para remaja peduli lingkungan adalah dengan meningkatkan kepedulian terhadap lingkungan. Sebagai contoh, melalui kegiatan pencinta alam. Kegiatan pencinta alam dapat meningkatkan kepedulian remaja terhadap lingkungan alam. Kecintaan remaja terhadap lingkungan alam tercermin pada sikap peduli terhadap lingkungan.  @Kata kunci dari paragraf tersebut adalah ...;Bentuk kepedulian lingkungan;Kepedulian remaja;Menjaga lingkungan;Pekerjaan remaja;B;3;PG4;Soal Bacaan
Proklamasi menjadikan perubahan dari bangsa yang merdeka. Proklamasi memberikan rasa bebas dan merdeka bagi rakyat Indonesia. Rakyat yang bebas dari belenggu penjajahan.  Setelah proklamasi, jiwa rakyat Indonesia menjadi terbebas. Semua rakyat bebas membangun kembali bangsa yang telah lama dijajah. Rakyat Indonesia bebas mengisi kemerdekaan dengan kegiatan yang bermanfaat.  @Kata Kunci yang sesuai dengan paragraf yang pertama adalah ....;Proklamasi, jiwa, indonesia;Proklamasi, perubahan, bangsa;Proklamasi, bebas, penjajah;Proklamasi, kemerdekaan;C;3;PG4;Soal Bacaan
Setiap bangsa pasti menginginkan kemerdekaan karena kemerdekaan merupakan cita-cita dan tujuan yang ingin dicapai. Begitu juga dengan bangsa indonesia. Bangsa indonesia pernah mengalami masa penjajahan cukup lama dan membuat rakyatnya menderita. Karena alasan itulah bangsa indonesia bekerja sama, bahu-membanhu dengan setiap tenaga berjuang untuk memperoleh kemerdekaannya.  @Judul yang sesuai untuk teks di atas adalah ....;Setiap bangsa pasti menginginkan kemerdekaan;Bangsa indonesia pernah mengalami masa penjajahan;Rakyat indonesia menderita;Bangsa indonesia bekerja sama untuk memperoleh kemerdekaan;D;3;PG4;Soal Bacaan
gempa juga dilaporkan mengguncang wilayah sumbawa dan sekitrnya. bahkan, terasa hingga pulau Lombok meski intensitasnya rendah. Gempa cukup besar dan terjadi bersusulan itu membuat warga ketakutan dan berhamburan keluar rumah. akibat gempa tersebut, banyak warga belum berani masuk rumah dan memilih tidur diluar.  @pokok informasi yang tidak ada dalam cuplikan tersebut adalah . . . .;peristiwa apa itu ?;kapan peristiwa itu terjadi?;mengapa peristiwa itu terjadi?;bagaimana proses kejadiannya?;D;3;PG4;Paturng
Budaya minum teh dan kopi di Indonesia sudah ada sejak dulu. Tingginya konsumsi teh dan kopi berbanding lurus dengan produksi limbah ampas keduannya. Hal ini mendorong seorang dosen desain interior, Rendy prayogi, untuk berkreasi membuat kolase dengan ampas teh dan kopi. Sukses membuat kerajinan kolase dari ampas teh dan kopi, Rendy melanjutkan percobaan menggunakan kulit telur dan batu alam.  @informasi yang sesuai dengan bacaan tersebut yaitu ...;Rendy Prayogi sukses membuat kerajinan kolase dari kulit telur dan batu alam;Rendy Prayogi sukses membuat kerajinan koalse dari ampas teh dan kopi;Makin tinggi konsumsi teh dan kopi, makin sedikit limbah ampasnya;Rendy Prayogi membuat kerajinan kolase dari ampas teh dan kopi karena budaya minum teh dan kopi di Indonesia sudah ada sejak dulu;B;3;PG4;Paturng
(1) Sumber daya alam hayati berupa tumbuhan dan hewan yang menjadi sumber makanan manusia. (2) Selain itu, tumbuhan dan hewan berperan untuk menjaga keseimbangan alam. (3) Bencana alam yang terjadi salah satunya karena keseimbangan alam terganggu. (4) Banjir di Jakarta terjadi karena sungai-sungai yang tidak dipelihara, dan dijadikan tempat pembuangan sampah.  @gagasan penjelas di dalam kuipan tersebut ditunjukan oleh nomor ...;1 dan 2;1 dan 3;1 dan 4;2 dan 3;D;3;PG4;Soal Bacaan
Korean Pop atau yang biasa disebut K-Pop adalah jenis musik populer yang berasal dari Korea Selatan. Demam K-Pop pun kini sudah mendunia, termasuk di Indonesia. Demam K-Pop di Indonesia dilatarbelakangi fenomena Piala Dunia Korea-Jepang 2002 yang berakhir dengan masuknya Korea Selatan sebagai kekuatan empat besar dunia. Jadi, K-Pop telah dikenal di Indonesia lebih kurang sepuluh tahun terakhir.  @Istilah populer berarti ....;Tidak dikenal oleh khalayak luas.;Dikenal dan disukai orang banyak.;Banyak dibicarakan orang.;Mendapat perhatian orang banyak.;B;3;PG4;Soal Bacaan
SD kami punya koperasi sekolah. Setiap anggota harus membayar simpanan pokok dan simpanan wajib. Simpanan itulah yang menjadi modal koperasi. @Pertanyaan yang tepat sesuai paragraf di atas adalah ...;Siapa sajakah anggota koperasi? ;Apa sajakah kewajiban anggota koperasi?;Apakah kamu anggota koperasi sekolah?;Berasal dari manakah modal koperasi sekolah?;D;3;PG4;Soal Bacaan
PT Eka Sari Lorena Transport Tbk mencatatkan bahwa keseluruhan nilai beban perusahaan dari layanan bus antarkota antarprovinsi (AKAP) itu lebih tinggi ketimbang pendapatan pada masa pandemi. PT Weha Transportasi Indonesia Tbk, perusahaan layanan bus pariwisata, mengemukakan terjadinya perubahan pendapatan dari Rp71,9 miliar menjadi Rp70,5 miliar. Perusahaan taksi PT Blue Bird Tbk, pendapatannya rontok 49,4 persen menjadi Rp2,1 triliun pada periode yang sama. Perusahaan taksi lain, PT Express Transindo Utama, berhasil menurunkan nilai kerugian pada 2020 lalu menjadi Rp53,2 miliar dari sebelumnya Rp276,1 miliar. @Pernyataan berikut ini yang tepat untuk dijadikan kesimpulan dari wacana tersebut adalah ...;Transportasi publik menjadi salah satu sektor usaha yang ikut terdampak pandemi Covid-19.;Pendapatan perusahaan bus pariwisata pada tahun pandemi menurun lebih dari 50 persen.;Selama masa Pembatasan Sosial Berskala Besar (PSBB), semua jenis transportasi darat mengalami kerugian.;Penurunan kinerja semua perusahaan transportasi antarprovinsi disebabkan karena pelaksanaan pembatasan sosial.;A;3;PG4;Soal Bacaan
Berdasarkan data nilai matematika siswa di suatu sekolah, diketahui nilai Ahmad lebih tinggi dari nilai Bima. Nilai Dimas tidak lebih tinggi dari nilai Fina, tetapi lebih tinggi daripada nilai Erin. Nilai Bima sedikit lebih tinggi dari nilai Cici. @Jika nilai Cici lebih tinggi dari nilai Fina, maka pernyataan berikut yang pasti benar adalah ...;Nilai Dimas berada di urutan ketiga tertinggi.;Nilai Cici lebih rendah dari nilai Dimas.;Dimas memiliki nilai yang lebih rendah dari nilai Bima.;Fina memiliki nilai yang lebih tinggi daripada Ahmad.;C;3;PG4;Soal Bacaan
vertikal --- horizontal;Antonim;Sinonim;;;A;1;PG2;Soal Sinonim/Antonim
fluktuasi --- gejolak;Antonim;Sinonim;;;B;1;PG2;Soal Sinonim/Antonim
bertemu --- berpisah;Antonim;Sinonim;;;A;1;PG2;Soal Sinonim/Antonim
racun --- madu;Antonim;Sinonim;;;A;1;PG2;Soal Sinonim/Antonim
ilusi --- khayalan;Antonim;Sinonim;;;B;1;PG2;Soal Sinonim/Antonim
kuat --- lemah;Antonim;Sinonim;;;A;1;PG2;Soal Sinonim/Antonim
absolut --- mutlak;Antonim;Sinonim;;;B;1;PG2;Soal Sinonim/Antonim
instrumen --- alat;Antonim;Sinonim;;;B;1;PG2;Soal Sinonim/Antonim
mukadimah --- pembukaan;Antonim;Sinonim;;;B;2;PG2;Soal Sinonim/Antonim
nisbi --- absolut;Antonim;Sinonim;;;A;2;PG2;Soal Sinonim/Antonim
gugat --- tuntut;Antonim;Sinonim;;;B;1;PG2;Soal Sinonim/Antonim
interpretasi --- tafsir;Antonim;Sinonim;;;B;2;PG2;Soal Sinonim/Antonim
bulat --- bundar;Antonim;Sinonim;;;B;1;PG2;Soal Sinonim/Antonim
ilegal --- sah;Antonim;Sinonim;;;A;1;PG2;Soal Sinonim/Antonim
bonus --- hadiah;Antonim;Sinonim;;;B;1;PG2;Soal Sinonim/Antonim
mencatat --- menghapus;Antonim;Sinonim;;;A;1;PG2;Soal Sinonim/Antonim
kampiun --- juara;Antonim;Sinonim;;;B;2;PG2;Soal Sinonim/Antonim
perlindungan --- proteksi;Antonim;Sinonim;;;B;1;PG2;Soal Sinonim/Antonim
rajin --- malas;Antonim;Sinonim;;;A;1;PG2;Soal Sinonim/Antonim
tinggi --- rendah;Antonim;Sinonim;;;A;1;PG2;Soal Sinonim/Antonim
disanjung --- dihina;Antonim;Sinonim;;;A;2;PG2;Soal Sinonim/Antonim
asumsi --- anggapan;Antonim;Sinonim;;;B;1;PG2;Soal Sinonim/Antonim
maksimal --- minimal;Antonim;Sinonim;;;A;1;PG2;Soal Sinonim/Antonim
destruktif --- konstruktif;Antonim;Sinonim;;;A;1;PG2;Soal Sinonim/Antonim
elastis --- kaku;Antonim;Sinonim;;;A;1;PG2;Soal Sinonim/Antonim
standar --- baku;Antonim;Sinonim;;;B;1;PG2;Soal Sinonim/Antonim
manual --- otomatis;Antonim;Sinonim;;;A;1;PG2;Soal Sinonim/Antonim
sel --- bui;Antonim;Sinonim;;;B;2;PG2;Soal Sinonim/Antonim
pra --- pasca;Antonim;Sinonim;;;A;2;PG2;Soal Sinonim/Antonim
teliti --- ceroboh;Antonim;Sinonim;;;A;1;PG2;Soal Sinonim/Antonim
gemuk --- kurus;Antonim;Sinonim;;;A;1;PG2;Soal Sinonim/Antonim
praktek --- teori;Antonim;Sinonim;;;A;1;PG2;Soal Sinonim/Antonim
jaminan --- agunan;Antonim;Sinonim;;;B;2;PG2;Soal Sinonim/Antonim
akbar --- besar;Antonim;Sinonim;;;B;2;PG2;Soal Sinonim/Antonim
legenda --- dongeng;Antonim;Sinonim;;;B;1;PG2;Soal Sinonim/Antonim
jual --- beli;Antonim;Sinonim;;;A;1;PG2;Soal Sinonim/Antonim
pasif --- aktif;Antonim;Sinonim;;;A;1;PG2;Soal Sinonim/Antonim
lengser --- turun;Antonim;Sinonim;;;B;2;PG2;Soal Sinonim/Antonim
perintis --- pewaris;Antonim;Sinonim;;;A;2;PG2;Soal Sinonim/Antonim
analogi --- persamaan;Antonim;Sinonim;;;B;2;PG2;Soal Sinonim/Antonim
relatif --- nisbi;Antonim;Sinonim;;;B;2;PG2;Soal Sinonim/Antonim
gaji --- honor;Antonim;Sinonim;;;B;2;PG2;Soal Sinonim/Antonim
profesional --- amatir;Antonim;Sinonim;;;A;1;PG2;Soal Sinonim/Antonim
introduksi --- penutup;Antonim;Sinonim;;;A;1;PG2;Soal Sinonim/Antonim
pailit --- bangkrut;Antonim;Sinonim;;;B;2;PG2;Soal Sinonim/Antonim
kredit --- debet;Antonim;Sinonim;;;A;2;PG2;Soal Sinonim/Antonim
gasal --- ganjil;Antonim;Sinonim;;;B;2;PG2;Soal Sinonim/Antonim
langit --- bumi;Antonim;Sinonim;;;A;1;PG2;Soal Sinonim/Antonim
kebal --- rentan;Antonim;Sinonim;;;A;1;PG2;Soal Sinonim/Antonim
kompromi --- pertentangan;Antonim;Sinonim;;;A;1;PG2;Soal Sinonim/Antonim
fenomena --- kejadian;Antonim;Sinonim;;;B;1;PG2;Soal Sinonim/Antonim
fakta --- opini;Antonim;Sinonim;;;A;1;PG2;Soal Sinonim/Antonim
takut --- berani;Antonim;Sinonim;;;A;1;PG2;Soal Sinonim/Antonim
anti --- menentang;Antonim;Sinonim;;;B;1;PG2;Soal Sinonim/Antonim
kandidat --- calon;Antonim;Sinonim;;;B;1;PG2;Soal Sinonim/Antonim
pemugaran --- renovasi;Antonim;Sinonim;;;B;2;PG2;Soal Sinonim/Antonim
realitas --- maya;Antonim;Sinonim;;;A;1;PG2;Soal Sinonim/Antonim
primitif --- modern;Antonim;Sinonim;;;A;2;PG2;Soal Sinonim/Antonim
imitasi --- asli;Antonim;Sinonim;;;A;1;PG2;Soal Sinonim/Antonim
motif --- corak;Antonim;Sinonim;;;B;1;PG2;Soal Sinonim/Antonim
berpakaian --- bugil;Antonim;Sinonim;;;A;2;PG2;Soal Sinonim/Antonim
kenaikan --- inflasi;Antonim;Sinonim;;;B;2;PG2;Soal Sinonim/Antonim
gagal --- sukses;Antonim;Sinonim;;;A;1;PG2;Soal Sinonim/Antonim
nomaden --- menetap;Antonim;Sinonim;;;A;2;PG2;Soal Sinonim/Antonim
kuantitas --- jumlah;Antonim;Sinonim;;;B;1;PG2;Soal Sinonim/Antonim
hukuman --- denda;Antonim;Sinonim;;;B;1;PG2;Soal Sinonim/Antonim
canda --- kelakar;Antonim;Sinonim;;;B;2;PG2;Soal Sinonim/Antonim
adaptasi --- penyesuaian;Antonim;Sinonim;;;B;1;PG2;Soal Sinonim/Antonim
datang --- pergi;Antonim;Sinonim;;;A;1;PG2;Soal Sinonim/Antonim
awalan --- akhiran;Antonim;Sinonim;;;A;1;PG2;Soal Sinonim/Antonim
virtual --- maya;Antonim;Sinonim;;;B;1;PG2;Soal Sinonim/Antonim
menderita --- bahagia;Antonim;Sinonim;;;A;1;PG2;Soal Sinonim/Antonim
hambatan --- dukungan;Antonim;Sinonim;;;A;1;PG2;Soal Sinonim/Antonim
intermezo --- selingan;Antonim;Sinonim;;;B;2;PG2;Soal Sinonim/Antonim
maju --- mundur;Antonim;Sinonim;;;A;1;PG2;Soal Sinonim/Antonim
konvensi --- kesepakatan;Antonim;Sinonim;;;B;2;PG2;Soal Sinonim/Antonim
insting --- naluri;Antonim;Sinonim;;;B;1;PG2;Soal Sinonim/Antonim
kulit --- isi;Antonim;Sinonim;;;A;1;PG2;Soal Sinonim/Antonim
meluas --- menciut;Antonim;Sinonim;;;A;1;PG2;Soal Sinonim/Antonim
tangkal --- cegah;Antonim;Sinonim;;;B;2;PG2;Soal Sinonim/Antonim
mandiri --- bergantung;Antonim;Sinonim;;;A;1;PG2;Soal Sinonim/Antonim
realita --- kenyataan;Antonim;Sinonim;;;B;1;PG2;Soal Sinonim/Antonim
stadium --- tingkat;Antonim;Sinonim;;;B;2;PG2;Soal Sinonim/Antonim
hikayat --- sejarah;Antonim;Sinonim;;;B;2;PG2;Soal Sinonim/Antonim
provokasi --- pancingan;Antonim;Sinonim;;;B;2;PG2;Soal Sinonim/Antonim
poligami --- monogami;Antonim;Sinonim;;;A;2;PG2;Soal Sinonim/Antonim
mikro --- makro;Antonim;Sinonim;;;A;2;PG2;Soal Sinonim/Antonim
antipati --- simpati;Antonim;Sinonim;;;A;2;PG2;Soal Sinonim/Antonim
gersang --- subur;Antonim;Sinonim;;;A;1;PG2;Soal Sinonim/Antonim
slogan --- semboyan;Antonim;Sinonim;;;B;1;PG2;Soal Sinonim/Antonim
antagonis --- lawan;Antonim;Sinonim;;;B;1;PG2;Soal Sinonim/Antonim
institusi --- lembaga;Antonim;Sinonim;;;B;2;PG2;Soal Sinonim/Antonim
pro --- kontra;Antonim;Sinonim;;;A;1;PG2;Soal Sinonim/Antonim
kelola --- urus;Antonim;Sinonim;;;B;1;PG2;Soal Sinonim/Antonim
berat --- ringan;Antonim;Sinonim;;;A;1;PG2;Soal Sinonim/Antonim
suplemen --- tambahan;Antonim;Sinonim;;;B;1;PG2;Soal Sinonim/Antonim
impuls --- rangsangan;Antonim;Sinonim;;;B;2;PG2;Soal Sinonim/Antonim
bukit --- lembah;Antonim;Sinonim;;;A;1;PG2;Soal Sinonim/Antonim
tender --- penawaran;Antonim;Sinonim;;;B;2;PG2;Soal Sinonim/Antonim
Pilihlah penulisan huruf kapital yang tepat;Museum geologi Bandung;Museum Geologi Bandung;museum Geologi Bandung;museum geologi Bandung;B;2;PG4;Huruf Kapital
Pilihlah penulisan huruf kapital yang tepat;Benua eropa;Benua Eropa;benua Eropa;benua eropa;B;2;PG4;Huruf Kapital
Gelombang di daerah Pantai Kuta pulau Bali sangat tinggi. @Kesalahan penulisan huruf pada kalimat tersebut terdapat pada kata...;Gelombang;Daerah;Pantai;Pulau;D;2;PG4;Huruf Kapital
Kesalahan penulisan abjad besar terdapat pada kalimat...;Dea mengajar di sekolah dua kali seminggu.;Paman suka membaca surat kabar Analisa.;Ayah membeli pisang Ambon untuk kakek.;Siang ini Banu akan bertemu dengan Tika.;C;2;PG4;Huruf Kapital
Perhatikan kalimat-kalimat berikut! (A)    Pisang ambon bukanlah pisang yang berasal dari Ambon. (B)    Di Kalimantan terdapat Suku Dayak yang masih memegang teguh budaya leluhurnya. (C)    Orang dari Timur Tengah itu pandai menggunakan Bahasa Jawa. (D)    Taman itu ditanami bunga mawar, melati, dan tulip. @Kalimat yang menggunakan huruf kapital secara tepat adalah kalimat berhuruf ...;A dan B;A dan D;B dan C;C dan D;B;2;PG4;Huruf Kapital
Andi membaca novel orang-orang proyek karya ahmad tohari. @Perbaikan penggunaan huruf kapital dalam kalimat di atas yang tepat adalah ...;Andi membaca novel Orang-Orang Proyek karya Ahmad Tohari.;Andi membaca novel Orang-orang Proyek karya Ahmad Tohari.;Andi membaca novel orang-orang proyek karya Ahmad Tohari.;Andi membaca novel Orang-orang Proyek karya Ahmad tohari.;A;2;PG4;Huruf Kapital
Aku lahir pada hari jumat di kota solo. @Perbaikan penggunaan huruf kapital dalam kalimat di atas yang tepat adalah ...;Aku lahir pada Hari Jumat di Kota Solo.;Aku lahir pada hari jumat di Kota Solo.;Aku lahir pada hari jumat di kota solo.;Aku lahir pada hari Jumat di Kota Solo.;D;2;PG4;Huruf Kapital
Kalimat berikut yang menggunakan huruf kapital secara tepat adalah ...;Pak Amir menjelaskan sejarah terjadinya perang Badar.;Pak Amir menjelaskan sejarah terjadinya perang badar.;Pak Amir menjelaskan sejarah terjadinya Perang Badar.;Pak Amir menjelaskan Sejarah terjadinya Perang Badar.;C;2;PG4;Huruf Kapital
Kalimat yang penulisannya sesuai dengan fungsi huruf kapital secara benar adalah ....;Aku percaya kepada Tuhan Yang Mahaesa;Rizki memeluk komodo di Pulau Komodo;Umat Agama Islam beribadah di Masjid;Jeruk bali bukan berasal dari bali;B;2;PG4;Huruf Kapital
Kalimat yang penulisannya sesuai dengan fungsi huruf kapital secara benar adalah ....;Aku lahir pada Hari Rabu;Dia keturunan bangsa Spanyol;Aku baru saja bertemu presiden Jokowi;Aku suka makan jeruk Bali;B;2;PG4;Huruf Kapital
Setelah makan gula jawa, dino membaca buku bahasa inggris. @Perbaikan penggunaan huruf kapital pada kalimat di atas adalah ....;Setelah makan gula Jawa, Dino membaca buku bahasa Inggris;Setelah makan gula jawa, Dino membaca buku Bahasa Inggris;Setelah makan gula jawa, Dino membaca buku bahasa Inggris;Setelah makan Gula Jawa, Dino memabca buku Bahasa Inggris;C;2;PG4;Huruf Kapital
Kalimat berikut yang menggunakan huruf kapital secara tepat adalah ....;Pak Presiden mengucapkan syukur kepada Tuhan Yang Mahakuasa;Pak Presiden mengucapkan syukur kepada Tuhan yang Maha Kuasa;Pak Presiden mengucapkan syukur kepada Tuhan Yang Maha Kuasa;Pak Presiden mengucapkan syukur kepada Tuhan yang Mahakuasa;C;2;PG4;Huruf Kapital
Anak dari suku asmat itu hidup di lembah baliem. @Perbaikan huruf kapital untuk kalimat di atas adalah ....;Anak dari suku Asmat itu hidup di lembah Baliem;Anak dari Suku Asmat itu hidup di Lembah Baliem;Anak dari suku Asmat itu hidup di Lembah Baliem;Anak dari Suku Asmat itu hidup di lembah Baliem;C;2;PG4;Huruf Kapital
Penggunaan huruf kapital yang tepat terdapat di kalimat ....;Kita harus percaya kepada Tuhan Yang Maha Kuasa;Orang Jawa suka sekali makan gula Jawa.;Aku lahir pada Hari Jumat Kliwon;Dina sedang mempelajari sejarah terjadinya perang Badar;A;2;PG4;Huruf Kapital
orang bangsa romawi yang sedang makan bika ambon itu memeluk agama islam. @Perbaikan kalimat di atas agar sesuai dengan penggunaan huruf kapital yang benar adalah ....;Orang Bangsa Romawi yang sedang makan bika ambon itu memeluk Agama Islam;Orang bangsa Romawi yang sedang makan bika Ambon itu memeluk agama Islam;Orang bangsa Romawi yang sedang makan bika ambon itu memeluk agama Islam;Orang Bangsa Romawi yang sedang makan bika ambon itu memeluk agama Islam;C;2;PG4;Huruf Kapital
Penggunaan huruf kapital yang benar terdapat di kalimat ....;Perayaan peringatan hari Waisak berlangsung secara lancar.;Perayaan peringatan hari waisak berlangsung secara lancar.;Perayaan peringatan Hari Waisak berlangsung secara lancar.;Perayaan Peringatan hari Waisak berlangsung secara lancar.;A;2;PG4;Huruf Kapital
Perhatikan kalimat-kalimat berikut! I.    Aku suka sekali makan masakan Padang. II.    Ayahku membeli ukiran jepara. III.    Ibuku membeli bika ambon di Medan. IV.    Pamanku menjual gula Jawa.  @Kalimat yang menggunakan huruf kapital secara tepat ditandai nomor ....;I dan II;I dan III;I, II, dan III;I, III, dan IV;B;2;PG4;Huruf Kapital
Kalimat berikut yang menggunakan huruf kapital secara tepat adalah ....;Ia sudah menjadi profesor selama 10 tahun.;Penghargaan itu diberikan oleh presiden Jokowi.;Adikku bercita-cita menjadi seorang Menteri.;Negara berbentuk Republik dipimpin oleh seorang Presiden.;A;2;PG4;Huruf Kapital
setelah berlibur di pantai,aku akan naik gunung lawu. @Perbaikan penggunaan huruf kapital kalimat di atas adalah ....;Setelah berlibur di Pantai, aku akan naik gunung Lawu.;Setelah berlibur di pantai, aku akan naik gunung Lawu.;Setelah berlibur di pantai, aku akan naik Gunung Lawu.;Setelah berlibur di Pantai, aku akan naik Gunung Lawu.;C;2;PG4;Huruf Kapital
peringatan hari pahlawan dilaksanakan di bulan november. @Perbaikan penggunaan huruf kapital kalimat di atas adalah ....;Peringatan Hari Pahlawan dilaksanakan di Bulan November;Peringatan Hari Pahlawan dilaksanakan di bulan November;Peringatan hari pahlawan dilaksanakan di bulan November;Peringatan Hari Pahlawan dilaksanakan di bulan November;B;2;PG4;Huruf Kapital
Jawa Tengah adalah salah satu Provinsi di Pulau Jawa. Pada tahun 2022, provinsi ini dipimpin oleh gubernur yang bernama Ganjar pranowo. Provinsi ini berbatasan langsung dengan Jawa Barat, Jawa Timur, dan Daerah Istimewa Yogyakarta. Sebelah Utara Jawa Tengah terdapat Laut Jawa.@Kalimat yang menggunakan huruf kapital secara tepat adalah kalimat ....;pertama;kedua;ketiga;keempat;C;2;PG4;Huruf Kapital
Keanekaragaman dimiliki Bangsa Indonesia. Ada bermacam suku, agama, dan bahasa di Negeri ini. Di Pulau Jawa ada suku Jawa, Sunda, Betawi, dan lain-lain. Berbagai agama seperti Agama Islam, Hindu, Kristen, Katolik, Budha, dan Konghucu menyebar di seluruh wilayah Indonesia. @Kalimat yang menggunakan huruf kapital dengan benar dalam paragraf di atas adalah kalimat ....;pertama;kedua;ketiga;keempat;C;2;PG4;Huruf Kapital
Telaga Sarangan adalah sebuah telaga alami yang terletak di kaki gunung Lawu, di Kecamatan Plaosan, Kabupaten Magetan, Jawa Timur. Telaga ini berjarak sekitar 16 kilometer arah barat Kota Magetan. Telaga ini luasnya sekitar 30 hektare dan berkedalaman kurang lebih 28 meter. Telaga Sarangan menjadi objek wisata yang paling diandalkan di Kabupaten Magetan. @Kesalahan penggunaan huruf kapital terdapat di kalimat ....;pertama;kedua;ketiga;keempat;A;2;PG4;Huruf Kapital
Selamat, Apa pun teks yang kamu susun adalah hasil karya sendiri. @Perbaikan penggunaan tanda baca pada kalimat tersebut adalah...;Selamat, Apa pun teks yang kamu susun adalah hasil karya sendiri!;Selamat! Apa pun teks yang kamu susun adalah hasil karya sendiri!;Selamat! Apa pun teks yang kamu susun adalah hasil karya sendiri.;Selamat: Apa pun teks yang kamu susun adalah hasil karya sendiri.;C;2;PG4;Tanda Baca
Berikut adalah penerapan atau fungsi tanda titik, kecuali ....;Mengakhiri kalimat yang bukan pertanyaan atau seruan;Memisahkan angka, jam, menit, dan detik untuk menunjukkan waktu;Diletakkan pada final kependekan nama atau gelar;Memisahkan anak kalimat yang melampaui induk kalimat;D;2;PG4;Tanda Baca
Pemakaian tanda baca yang benar terdapat pada kalimat ....;Karena sedih, adik menangis di kamarnya.;Adik dan abang belum pulang, walaupun sudah malam.;Ibu membeli nasi, jus, pisang dan jeruk.;Murid, dan guru sedang mengikuti upacara bendera.;A;2;PG4;Tanda Baca
Penggunaan tanda baca yang tepat adalah pada kalimat ....;Nanda berkata hari ini kita ulangan Bahasa Indonesia.;Hari ini kita ulangan Bahasa Indonesia. kata Nanda.;Hari ini kita ulangan Bahasa Indonesia. kata Nanda;"Hari ini kita ulangan Bahasa Indonesia. ""kata Nanda""";B;2;PG4;Tanda Baca
Kalimat di bawah ini yang menerapkan kaidah penggunaan tanda baca yang tepat adalah ____;Dianda-anak pertama Pak Pratama-telah berhasil menempuh pendidikan doktorat di Australia;Parasetamol biasanya digunakan untuk mengobati penyakit-penyakit di bawah ini: sakit kepala. demam, dan influensa;DVD - ku dan sejumlah barang berharga dicuri oleh orang yang tak dikenal ketika aku terlelap dan lupa menutup pintu depan.;Sejumlah uang 10.000 an akan ku berikan kepada para pengemis jalanan itu supaya mereka bisa makan.;B;2;PG4;Tanda Baca
Kalimat di bawah ini yang tidak menggunakan tanda baca yang tepat adalah ____;Para siswa harus membawa peralatan-peralatan ini sebelum berkemah: di antaranya, pisau belati, tambah atau tali sepanjang dua meter, dan tikar.;Pada pukul 13.00-15.00, rapat koordinasi antara komite sekolah dan orang tua siswa akan diselenggarakan.;Aceh - provinsi yang terkenal dengan sebutan serambi Mekahnya - ternyata memiliki tari paling rumit yang pernah dimainkan, yaitu tari Saman. ;Jika SIM-mu belum diperpanjang dalam seminggu ini, kamu harus membuat SIM baru di Polres atau Polwiltabes. ;A;2;PG4;Tanda Baca
Pemakaian tanda baca yang benar terdapat pada kalimat .... ;Karena sedih, adik menangis di kamarnya.;Adik dan abang belum pulang, walaupun sudah malam.;Ibu membeli nasi, jus, pisang dan jeruk.;Murid, dan guru sedang mengikuti upacara bendera.;A;2;PG4;Tanda Baca
Berikut ialah pemakaian abjad miring atau garis bawah yang benar, kecuali ....;Menuliskan nama ilmiah;Menuliskan ungkapan asing;Menuliskan nama atau judul buku yang dikuti dalam karangan;Nama instansi atau lembaga;D;2;PG4;Tanda Baca
Berikut pola penerapan tanda koma yang tepat, kecuali ....;Oleh alasannya itu, ita harus berhati-hati.;Jadi, kita akan pergi menggunakan bus.;Meskipun begitu, Rina tetap saja marah.;Dian tidak suka padamu, alasannya sifatmu yang cuek.;D;2;PG4;Tanda Baca
(1) Keluarga Ervina sangat menggemari makanan laut. (2) Hari Minggu, Ervina menemani ibunya ke pasar. (3) Mereka membeli udang, kepiting, cumi-cumi dan ikan. @Penggunaan tanda baca pada kalimat ketiga teks tersebut salah karena ....;tanda baca hubung (-) tidak diperlukan;terdapat tanda baca koma (,) setelah kepiting; seharusnya terdapat tanda baca koma (,) setelah cumi-cumi;seharusnya terdapat tanda baca titik dua (:) setelah membeli;C;2;PG4;Tanda Baca
Harga telur ayam sedang naik. Sekarang harganya mencapai Rp28.000,- per kilogram. Sementara itu, harga kebutuhan pokok lain justru harganya turun. Cabai, gula, dan beras adalah contoh barang kebutuhan pokok yang turun harganya. @Kesalahan penggunaan tanda baca terdapat di kalimat ....;pertama;kedua;ketiga;keempat;B;3;PG4;Tanda Baca
Ibu membeli buah-buahan, seperti : apel, melon, dan jeruk. @Kesalahan penggunaan tanda baca dalam kalimat di atas adalah ....;"tanda koma sebelum kata ""seperti""";"tanda titik dua setelah kata ""seperti""";"tanda koma sebelum kata ""dan""";tanda titik di akhir kalimat;B;2;PG4;Tanda Baca
Kesalahan penggunaan tanda baca terdapat di kalimat ....;Namun, mereka selalu semangat dalam menghadapi rintangan.;Dia ingin makan, tetapi gusinya sakit.;Tutuplah pintu itu!;Wah! dia memang sangat hebat.;D;2;PG4;Tanda Baca
Aku tidak tahu mengenai masalah itu. katanya. Namun, aku tahu sebenarnya ia sedang berbohong. Mungkin dia terpaksa menutupi masalah itu, karena ingin membela saudaranya. Meskipun demikian, sebenarnya ia tidak perlu berbohong kepadaku. @Kesalahan penggunaan tanda baca terdapat di kalimat ....;1;2;3;4;C;3;PG4;Tanda Baca
"Sifa diajak kakaknya berjalan-jalan ke bazar buku. Dia tertarik dengan buku-buku cerita yang dipajang di stan paling depan. ""Berapa harga buku di sini, Paman?"" tanya Sifa. ""Harga buku di sini paling mahal Rp.10,000.00, Nak."" jawab penjaga stan. ""Wah, murah sekali!"" seru Sifa kegirangan. @Penggunaan tanda baca yang tepat pada kalimat di atas adalah ...";Harga buku di sini paling mahal Rp.10.000,00, Nak! jawab penjaga stan.;Harga buku di sini paling mahal Rp.10.000,00, Nak.jawab penjaga stan.;Harga,buku di sini paling mahal Rp10.000,00, Nak. jawab penjaga stan.;Harga buku di sini paling mahal Rp10.000,00, Nak. jawab penjaga stan.;D;3;PG4;Tanda Baca
Agar dapat mengikuti pembelajaran dengan baik [...] tiap siswa membawa keperluan sekolah. Alat tulis [...] bolpoin[...] pensil, dan penghapus harus dibawa. Buku [...] buku pelajaran dibawa sesuai dengan jadwalnya. Buku tulis untuk mencatat materi maupun tugas juga harus dibawa. @Penulisan tanda baca yang tepat pada paragraf tersebut berturut-turut adalah ....;[,], [,], [,], [:];[:], [:], [,], [,];[:], [,], [,], [-];[,], [:], [,], [-];D;3;PG4;Tanda Baca
Wah! kamu memang hebat dalam menghitung, Rin? seru Ananda. @Kesalahan penggunaan tanda baca pada kalimat tersebut secara berurutan adalah ...;tanda seru (!) dan tanda tanya (?);tanda seru (!) dan tanda koma (,);tanda koma (,) dan tanda tanya (?);"tanda koma (,) dan tanda petik ("")";A;3;PG4;Tanda Baca
"Nadifa berkata: ""Wow, indah sekali pemandangan di sini?""@Kesalahan penggunaan tanda baca pada kalimat tersebut secara berurutan adalah ...";tanda koma (,) dan tanda tanya (?);"tanda koma (,) dan tanda petik ("")";tanda titik dua (:) dan tanda tanya (?);"tanda titik dua (:) dan tanda petik ("")";C;3;PG4;Tanda Baca
"Pak Budi menyampaikan bahwa hari Senin akan diadakan ulangan harian. Mendengar hal tersebut, beberapa siswa terlihat gugup. Toni terlihat tenang karena merasa siap! Dia berkata dalam hati, ""Saya pasti mendapat nilai seratus.""@Kesalahan penggunaan tanda baca pada paragraf terdapat pada kalimat ...";Pak Budi menyampaikan bahwa hari Senin akan diadakan ulangan harian.;Mendengar hal tersebut, beberapa siswa terlihat gugup.;Toni terlihat tenang karena merasa siap!;"Dia berkata dalam hati, ""Saya pasti mendapat nilai seratus.""";C;3;PG4;Tanda Baca
Pemakaian tanda garis miring (/) yang benar terdapat pada ....;No. 8/DA/3009 Jalan / BatuaIX/37 Tahun anggaran 2011/2012;Siswa//siswi;Harganya Rp. 88.800,00 /kodi;Ibu/Bapak;A;3;PG4;Tanda Baca
Pemakaian tanda hubung (-) yang benar terdapat pada ...;Malang- Surabaya;Surabaya-Malang;Malang - Surabaya;Surabaya -Malang;B;3;PG4;Tanda Baca
Kalimat di bawah ini yang penerapan tanda bacanya benar ialah ....;David, membawakan majalah untuk Kartika.;A. Nasution ialah anakdidik yang rajin.;Dewi tidak hadir, alasannya berada di luar kota.;Temanku Lina masuk rumah sakit candra.;B;2;PG4;Tanda Baca
Penulisan kalimat di bawah yang benar adalah;Harga buku latihan soal CPNS ini adalah Rp. 15.000.000, Dik, jawab kasir.;Harga buku latihan soal CPNS ini adalah Rp. 15.000.000, Dik! jawab kasir.;Harga buku latihan soal CPNS ini adalah Rp. 15.000.000, Dik. jawab kasir.;Harga buku latihan soal CNPS ini adalah RP 15.000.000,Dik, jawab kasir.;C;2;PG4;Tanda Baca
Harga buku itu di jual dengan harga;Rp 2200.000;Rp 2.200.000;RP 22.000.00;RP 2.200000;B;2;PG4;Tanda Baca
Penggunaan kata baku ditunjukkan dengan kalimat ....;Makanan itu sudah kadaluarsa.;Makanan itu sudah kadaluwarsa.;Makanan itu sudah kedaluwarsa.;Makanan itu sudah kedaluarsa.;C;2;PG4;Kata Baku
Silahkan membeli obat di apotek itu karena persediaan obatnya sangat komplit.@Daftar kata berikut yang semuanya baku adalah ....;silahkan, apotek, komplit;silahkan, apotek, persediaan;obat, apotek, komplit;obat, apotek, persediaan;D;2;PG4;Kata Baku
Berikut yang termasuk kata baku adalah ....;sirup;sirop;syrop;syrup;B;2;PG4;Kata Baku
Perhatikan kalimat-kalimat berikut! 1)    Para siswa sudah mendapatkan ijazah masing-masing. 2)    Pemilu harus mengutamakan asas keterbukaan. 3)    Siswa harus berfikir kritis. 4)    Siswa itu lahir di bulan Pebruari. @Kalimat yang semua katanya menggunakan kata baku adalah ....;1 dan 2;1 dan 3;2 dan 3;2 dan 4;A;3;PG4;Kata Baku
Kata berikut yang penulisannya baku adalah ....;fotosintesa;kalendar;selebriti;hafal;D;2;PG4;Kata Baku
Kalimat berikut yang semua katanya adalah kata baku adalah ....;Tim lawan menyerang secara efektiv.;Tim lawan menyerang secara evektiv.;Tim lawan menyerang secara efektif.;Tim lawan menyerang secara evektif.;C;2;PG4;Kata Baku
Perhatikan daftar kata berikut! 1)    imbau 2)    handal 3)    utang 4)    hempas @Kata baku ditunjukkan nomor ....;1 dan 3;1 dan 4;2 dan 3;2 dan 4;A;2;PG4;Kata Baku
Kata-kata berikut yang termasuk kata baku adalah ....;sportifitas, isteri, junior;sportivitas, istri, yunior;sportifitas, istri, yunior;sportivitas, istri, junior;D;2;PG4;Kata Baku
Pimpinan perusahaan itu merubah cara kerja di kantornya. Ia melakukan itu setelah mendapat nasihat dari rekan bisnisnya. Ia menghapus sistem lembur yang sebelumnya dinilai kurang berpihak kepada karyawan. Kebijakan itu direspons sangat baik oleh para karyawannya.@Kata yang tidak baku terdapat di kalimat ....;pertama;kedua;ketiga;keempat;A;3;PG4;Kata Baku
Perhatikan kalimat-kalimat berikut! 1)    Simaklah penjelasan narasumber secara saksama! 2)    Jangan hanya sekadar memberi peringatan, tetapi berilah contohnya! 3)    Kita harus mengikuti perkembangan jaman. 4)    Propinsi dipimpin oleh seorang gubernur. @Kalimat yang semua katanya menggunakan kata baku adalah ....;1 dan 2;1 dan 3;2 dan 3;3 dan 4;A;3;PG4;Kata Baku
Polisi menganalisa kematian dengan cara autopsi jenasah.@Perbaikan kata tidak baku dalam kalimat di atas adalah ....;menganalisa menjadi menganalisis dan autopsi menjadi otopsi;menganalisa menjadi menganalisis dan autopsi menjadi autopsy;menganalisa menjadi menganalisis dan jenasah menjadi jenazah;autopsi menjadi otopsi dan jenasah menjadi jenazah;C;2;PG4;Kata Baku
Nama bulan berikut yang ditulis menggunakan kata baku adalah ....;January;Pebruari;Nopember;Desember;D;2;PG4;Kata Baku
Perhatikan kalimat-kalimat berikut! 1)    Presiden akan dibantu oleh para mentri. 2)    Pembangunan kantor itu membutuhkan dana 10 milyar. 3)    Bulan depan akan diadakan kongres di Jakarta. 4)    Ia sudah meminta izin kepada atasannya. @Pernyataan berikut yang tepat adalah ....;kalimat 1) dan 2) mengandung kata tidak baku;kalimat 2) dan 3) mengandung kata tidak baku;kalimat 3) dan 4) mengandung kata tidak baku;kalimat 1) dan 4) mengandung kata tidak baku;A;3;PG4;Kata Baku
Kalimat yang disusun dengan menggunakan kata baku adalah ....;Aku sangat bangga dengan merk dalam negeri. ;Anak itu bercita-cita menjadi astronaut.;Mereka akan pergi ke Malang menggunakan bis.;Dia sesak nafas karena menghisap rokok.;B;2;PG4;Kata Baku
Berikut yang termasuk kata baku adalah .... ;kuatir;kawatir;kuwatir;khawatir;D;2;PG4;Kata Baku
Kumpulan kata yang semuanya baku adalah ....;menyontek, risiko, faham;menyontek, risiko, paham;mencontek, resiko, faham;mencontek, resiko, paham;B;2;PG4;Kata Baku
Bentuk baku kata pesona yang mendapat awalan me- adalah ....;memesona;mepesona;mempesona;mengpesona;A;2;PG4;Kata Baku
Kemarin, Bu Guru baru saja mengadakan penilaian harian. Jadwal pelaksnaan penilaian harian sudah diberitahukan sebelumnya. Semua siswa mengikuti penilaian itu dengan baik. Setelah selesai mengerjakan soal, siswa mencocokkan jawaban dengan dipandu Bu Guru. Setelah dianalisa, ternyata ada 5 anak yang nilainya di bawah standar. @Perbaikan kata tidak baku dalam paragraf di atas adalah ....;"kata ""jadwal"" seharusnya ditulis ""jadual""";"kata ""mencocokkan"" seharusnya ditulis ""mencocokan""";"kata ""dianalisa"" seharusnya ditulis ""dianalisis"".";"kata ""standar"" seharusnya ditulis ""standard""";C;3;PG4;Kata Baku
Perhatikan paragraf berikut!Sebagai seorang atlet, pemain sepak bola harus menjunjung tinggi sportifitas. Banyak pemain yang cidera parah akibat ulah pemain yang kurang bertanggung jawab. Sikap menghargai lawan adalah hal yang harus dilakukan oleh setiap pemain sepak bola. @Jumlah kata tidak baku dalam paragraf di atas adalah ....;1;2;3;4;B;3;PG4;Kata Baku
Pilihlah kata baku yang benar:;abjad;abjat;;;A;1;PG2;Kata Baku
Pilihlah kata baku yang benar:;akte;akta;;;B;1;PG2;Kata Baku
Pilihlah kata baku yang benar:;aktivitas;aktifitas;;;A;1;PG2;Kata Baku
Pilihlah kata baku yang benar:;akidah;aqidah;;;A;1;PG2;Kata Baku
Pilihlah kata baku yang benar:;amfibi;amphibi;;;A;1;PG2;Kata Baku
Pilihlah kata baku yang benar:;andal;handal;;;A;1;PG2;Kata Baku
Pilihlah kata baku yang benar:;analisis;analisa;;;A;1;PG2;Kata Baku
Pilihlah kata baku yang benar:;antre;antri;;;A;1;PG2;Kata Baku
Pilihlah kata baku yang benar:;apotek;apotik;;;A;1;PG2;Kata Baku
Pilihlah kata baku yang benar:;asas;azaz;;;A;1;PG2;Kata Baku
Pilihlah kata baku yang benar:;atlet;atlit;;;A;1;PG2;Kata Baku
Pilihlah kata baku yang benar:;atmosfer;atmosfir;;;A;1;PG2;Kata Baku
Pilihlah kata baku yang benar:;azan;adzan;;;A;1;PG2;Kata Baku
Pilihlah kata baku yang benar:;belum;belom;;;A;1;PG2;Kata Baku
Pilihlah kata baku yang benar:;bengep;bengap;;;B;1;PG2;Kata Baku
Pilihlah kata baku yang benar:;besok;esok;;;A;1;PG2;Kata Baku
Pilihlah kata baku yang benar:;biosfer;biosfir;;;A;1;PG2;Kata Baku
Pilihlah kata baku yang benar:;blanko;blangko;;;B;1;PG2;Kata Baku
Pilihlah kata baku yang benar:;cabai;cabe;;;A;1;PG2;Kata Baku
Pilihlah kata baku yang benar:;cendekiawan;cendikiawan;;;A;1;PG2;Kata Baku
Pilihlah kata baku yang benar:;daftar;daptar;;;A;1;PG2;Kata Baku
Pilihlah kata baku yang benar:;dekoratif;dekoratip;;;A;1;PG2;Kata Baku
Pilihlah kata baku yang benar:;dekret;dekrit;;;A;1;PG2;Kata Baku
Pilihlah kata baku yang benar:;detail;detil;;;A;1;PG2;Kata Baku
Pilihlah kata baku yang benar:;diagnosis;diagnosa;;;A;1;PG2;Kata Baku
Pilihlah kata baku yang benar:;efektif;efektip;;;A;1;PG2;Kata Baku
Pilihlah kata baku yang benar:;efektifitas;efektivitas;;;B;1;PG2;Kata Baku
Pilihlah kata baku yang benar:;ekstra;extra;;;A;1;PG2;Kata Baku
Pilihlah kata baku yang benar:;elite;elit;;;A;1;PG2;Kata Baku
Pilihlah kata baku yang benar:;embus;hembus;;;A;1;PG2;Kata Baku
Pilihlah kata baku yang benar:;februari;pebruari;;;A;1;PG2;Kata Baku
Pilihlah kata baku yang benar:;fondasi;pondasi;;;A;1;PG2;Kata Baku
Pilihlah kata baku yang benar:;formal;formil;;;A;1;PG2;Kata Baku
Pilihlah kata baku yang benar:;foto;photo;;;A;1;PG2;Kata Baku
Pilihlah kata baku yang benar:;frekuensi;frekwensi;;;A;1;PG2;Kata Baku
Pilihlah kata baku yang benar:;gizi;gisi;;;A;1;PG2;Kata Baku
Pilihlah kata baku yang benar:;gladi;geladi;;;B;1;PG2;Kata Baku
Pilihlah kata baku yang benar:;gubuk;gubug;;;A;1;PG2;Kata Baku
Pilihlah kata baku yang benar:;hadis;hadist;;;A;1;PG2;Kata Baku
Pilihlah kata baku yang benar:;hafal;hapal;;;A;1;PG2;Kata Baku
Pilihlah kata baku yang benar:;hakikat;hakekat;;;A;1;PG2;Kata Baku
Pilihlah kata baku yang benar:;hierarki;hirarki;;;A;1;PG2;Kata Baku
Pilihlah kata baku yang benar:;hipotesis;hipotesa;;;A;1;PG2;Kata Baku
Pilihlah kata baku yang benar:;ijazah;ijasah;;;A;1;PG2;Kata Baku
Pilihlah kata baku yang benar:;imaginasi;imajinasi;;;B;1;PG2;Kata Baku
Pilihlah kata baku yang benar:;imbau;himbau;;;A;1;PG2;Kata Baku
Pilihlah kata baku yang benar:;indera;indra;;;B;1;PG2;Kata Baku
Pilihlah kata baku yang benar:;insaf;insyaf;;;A;1;PG2;Kata Baku
Pilihlah kata baku yang benar:;isap;hisap;;;A;1;PG2;Kata Baku
Pilihlah kata baku yang benar:;istri;isteri;;;A;1;PG2;Kata Baku
Pilihlah kata baku yang benar:;izin;ijin;;;A;1;PG2;Kata Baku
Pilihlah kata baku yang benar:;jadwal;jadual;;;A;1;PG2;Kata Baku
Pilihlah kata baku yang benar:;jenazah;jenasah;;;A;1;PG2;Kata Baku
Pilihlah kata baku yang benar:;jenderal;jendral;;;A;1;PG2;Kata Baku
Pilihlah kata baku yang benar:;justru;justeru;;;A;1;PG2;Kata Baku
Pilihlah kata baku yang benar:;karena;karna;;;A;1;PG2;Kata Baku
Pilihlah kata baku yang benar:;karier;karir;;;A;1;PG2;Kata Baku
Pilihlah kata baku yang benar:;karisma;kharisma;;;A;1;PG2;Kata Baku
Pilihlah kata baku yang benar:;kategori;katagori;;;A;1;PG2;Kata Baku
Pilihlah kata baku yang benar:;komoditi;komoditas;;;A;1;PG2;Kata Baku
Pilihlah kata baku yang benar:;komplet;komplit;;;A;1;PG2;Kata Baku
Pilihlah kata baku yang benar:;kreatif;kreatip;;;A;1;PG2;Kata Baku
Pilihlah kata baku yang benar:;kualitas;kwalitas;;;A;1;PG2;Kata Baku
Pilihlah kata baku yang benar:;kuitansi;kwitansi;;;A;1;PG2;Kata Baku
Pilihlah kata baku yang benar:;lembap;lembab;;;A;1;PG2;Kata Baku
Pilihlah kata baku yang benar:;lubang;lobang;;;A;1;PG2;Kata Baku
Pilihlah kata baku yang benar:;makhluk;mahluk;;;A;1;PG2;Kata Baku
Pilihlah kata baku yang benar:;masjid;mesjid;;;A;1;PG2;Kata Baku
Pilihlah kata baku yang benar:;metode;metoda;;;A;1;PG2;Kata Baku
Pilihlah kata baku yang benar:;menyolok;mencolok;;;B;1;PG2;Kata Baku
Pilihlah kata baku yang benar:;miliar;milyar;;;A;1;PG2;Kata Baku
Pilihlah kata baku yang benar:;nampak;tampak;;;B;1;PG2;Kata Baku
Pilihlah kata baku yang benar:;napas;nafas;;;A;1;PG2;Kata Baku
Pilihlah kata baku yang benar:;nasihat;nasehat;;;B;1;PG2;Kata Baku
Pilihlah kata baku yang benar:;negatif;negatip;;;A;1;PG2;Kata Baku
Pilihlah kata baku yang benar:;negeri;negri;;;A;1;PG2;Kata Baku
Pilihlah kata baku yang benar:;nomor;nomer;;;A;1;PG2;Kata Baku
Pilihlah kata baku yang benar:;november;nopember;;;A;1;PG2;Kata Baku
Kakak mempelajari bahasa Korea selama tiga tahun. @Kalimat berikut yang sepola dengan kalimat di atas adalah... ;Paman berdagang buah-buahan di pasar ;Mereka berdoa dengan khusyuk ;Orang itu minum kopi tadi malam ;Anak itu menangis di pangkuan ibunya;C;2;PG4;Struktur Kalimat
Kalimat berikut yang berpola S-P adalah.. ;Saya sedang belajar. ;Ana mendapat IPK tertinggi. ;Saya tinggal di Pringsewu. ;Kami berangkat besok pagi.;A;2;PG4;Struktur Kalimat
Kalimat berikut yang berpola K-S-P adalah.. ;Sejak tadi siang mereka berbicara. ;Olahraga renang masih dianaktirikan. ;Kejuaraan tenis meja dimenangi atlet itu. ;Ayah memeriksakan sakitnya ke dokter;A;2;PG4;Struktur Kalimat
Kalimat berikut yang berpola S-P-Pel adalah.. ;Saya sedang belajar. ;Beliau menjadi kepala sekolah. ;Rangga mengambilkan adiknya air minum. ;Mereka makan soto di kantin.;B;2;PG4;Struktur Kalimat
Kalimat berikut yang berpola S-P-O-Pel adalah.. ;Dia mengerjakan tugas kuliah.;Dia mengirimi saya surat cinta;Mereka makan soto di kantin;Bu Linda mendidik mahasiswa dengan baik;B;2;PG4;Struktur Kalimat
Kalimat berikut yang berpola S-P adalah.. ;Dia cerdas;Mereka sedang ujian bahasa Inggris;Rini sedang belajar bahasa Jepang;Doni berolahraga di pagi hari;A;2;PG4;Struktur Kalimat
Kalimat berikut yang berpola S-P-O adalah.. ;Mereka sedang belajar;Sepupuku mengendarai sepeda;Tetanggaku pulang kampung ke Bandung;Saya memberikan kado ulang tahun;B;2;PG4;Struktur Kalimat
Kalimat berikut yang berpola S-P-K adalah.. ;Dia cerdas;Mereka sedang belajar bahasa Korea;Tetanggaku pulang kampung ke Bandung;Pamanku menanam padi;C;2;PG4;Struktur Kalimat
Kalimat berikut yang berpola S-P-Pel adalah.. ;Saya memberi kado ulang tahun;Galih menyetir mobil di malam hari;Peserta audisi Indonesian Idol berjumlah sepuluh ribu orang;Temannya seorang selebgram;A;2;PG4;Struktur Kalimat
Kalimat berikut yang berpola S-P-O-K adalah.. ;Dewi merapikan pakaian di Lemari kemarin;Dia bermain di Lapangan saat sore;Rian bekerja di siang hari;Mereka sedang makan malam;A;2;PG4;Struktur Kalimat
Kalimat berikut yang berpola S-P-O-Pel adalah.. ;Mereka sedang makan siang;Saya memberikan kado ulang tahun;Galih menyetir mobil di malam hari;Bapak Guru mengirimkan dia surat;D;2;PG4;Struktur Kalimat
Kalimat berikut yang berpola S-P-O-Pel-K adalah.. ;Dewi merapikan pakaian di Lemari kemarin;Saya memberikan dia kado saat ulang tahunnya di Rumahnya;Dia cerdas;Rini sedang belajar bahasa Jepang;B;2;PG4;Struktur Kalimat
Ayah bekerja @Kalimat diatas merupakan kalimat dengan pola..;S-P;S-P-O;;;A;1;PG2;Struktur Kalimat
Ibu menanak nasi @Kalimat diatas merupakan kalimat dengan pola..;S-P-O;S-P-K;;;A;1;PG2;Struktur Kalimat
Petani bercocok tanam @Kalimat diatas merupakan kalimat dengan pola..;S-P;S-P-O;;;B;1;PG2;Struktur Kalimat
Langit malam ini bertaburan bintang-bintang @Kalimat diatas merupakan kalimat dengan pola..;S-P-O;S-P-Pel;;;B;1;PG2;Struktur Kalimat
Anak-anak bermain di lapangan @Kalimat diatas merupakan kalimat dengan pola..;S-P-Pel;S-P-K;;;B;1;PG2;Struktur Kalimat
Anak-anak sedang bermain layang-layang @Kalimat diatas merupakan kalimat dengan pola..;S-P-Pel;S-P-K;;;A;1;PG2;Struktur Kalimat
Dimas mengerjakan tugas sekolah dengan sungguh-sungguh @Kalimat diatas merupakan kalimat dengan pola..;S-P-K;S-P-O-K;;;B;1;PG2;Struktur Kalimat
Ibu Guru sedang mengajar @Kalimat diatas merupakan kalimat dengan pola..;S-P;S-P-O;;;A;1;PG2;Struktur Kalimat
Ibu membelikan adik pakaian baru @Kalimat diatas merupakan kalimat dengan pola..;S-P-O-K;S-P-O-Pel;;;B;1;PG2;Struktur Kalimat
Adik membelikan kucingnya makanan kucing @Kalimat diatas merupakan kalimat dengan pola..;S-P-Pel;S-P-O-Pel;;;B;1;PG2;Struktur Kalimat
Burung-burung bersahutan di pagi hari @Kalimat diatas merupakan kalimat dengan pola..;S-P-K;S-P-Pel;;;A;1;PG2;Struktur Kalimat
Anak-anak bermain bola di tanah lapang @Kalimat diatas merupakan kalimat dengan pola..;S-P-Pel-K;S-P-O-Pel-K;;;A;1;PG2;Struktur Kalimat
Ibu membelikan kakak sepatu baru pada hari Minggu kemarin @Kalimat diatas merupakan kalimat dengan pola..;S-P-Pel-K;S-P-O-Pel-K;;;B;1;PG2;Struktur Kalimat
Adik membelikan kucingnya makanan kucing dengan uang sakunya sendiri @Kalimat diatas merupakan kalimat dengan pola..;S-P-Pel-K;S-P-O-Pel-K;;;B;1;PG2;Struktur Kalimat
Adik sedang memainkan piano @Kalimat diatas merupakan kalimat dengan pola..;S-P;S-P-O;;;B;1;PG2;Struktur Kalimat
Paman sedang bercukur dengan menggunakan pisau cukur @Kalimat diatas merupakan kalimat dengan pola..;S-P-Pel;S-P-K;;;B;1;PG2;Struktur Kalimat
